-- 50 learners 
INSERT INTO users_schema.learners (fname, lname, email, password_, country) 
VALUES 
('John', 'Doe', 'john.doe@example.com', 'password1', 'USA'),
('Jane', 'Smith', 'jane.smith@example.com', 'password2', 'UK'),
('Jim', 'Brown', 'jim.brown@example.com', 'password3', 'Canada'),
('Jack', 'White', 'jack.white@example.com', 'password4', 'Australia'),
('Emily', 'Johnson', 'emily.johnson@example.com', 'password5', 'Germany'),
('Daniel', 'Taylor', 'daniel.taylor@example.com', 'password6', 'France'),
('Chris', 'Lee', 'chris.lee@example.com', 'password7', 'Italy'),
('Sarah', 'Wilson', 'sarah.wilson@example.com', 'password8', 'USA'),
('Michael', 'Adams', 'michael.adams@example.com', 'password9', 'Canada'),
('Samantha', 'Harris', 'samantha.harris@example.com', 'password10', 'UK'),
('James', 'Clark', 'james.clark@example.com', 'password11', 'Australia'),
('Robert', 'Lewis', 'robert.lewis@example.com', 'password12', 'Germany'),
('Olivia', 'Walker', 'olivia.walker@example.com', 'password13', 'France'),
('William', 'Young', 'william.young@example.com', 'password14', 'USA'),
('Emma', 'King', 'emma.king@example.com', 'password15', 'Canada'),
('Joshua', 'Scott', 'joshua.scott@example.com', 'password16', 'UK'),
('Mason', 'Nelson', 'mason.nelson@example.com', 'password17', 'Australia'),
('Liam', 'Carter', 'liam.carter@example.com', 'password18', 'Germany'),
('Sophia', 'Mitchell', 'sophia.mitchell@example.com', 'password19', 'France'),
('Benjamin', 'Perez', 'benjamin.perez@example.com', 'password20', 'USA'),
('Charlotte', 'Roberts', 'charlotte.roberts@example.com', 'password21', 'Canada'),
('Lucas', 'Evans', 'lucas.evans@example.com', 'password22', 'UK'),
('Amelia', 'Wright', 'amelia.wright@example.com', 'password23', 'Australia'),
('Henry', 'Martinez', 'henry.martinez@example.com', 'password24', 'Germany'),
('Isabella', 'Hernandez', 'isabella.hernandez@example.com', 'password25', 'France'),
('Ethan', 'Lopez', 'ethan.lopez@example.com', 'password26', 'USA'),
('Ava', 'Gonzalez', 'ava.gonzalez@example.com', 'password27', 'Canada'),
('Mia', 'Hall', 'mia.hall@example.com', 'password28', 'UK'),
('Alexander', 'Allen', 'alexander.allen@example.com', 'password29', 'Australia'),
('Zoe', 'Sanchez', 'zoe.sanchez@example.com', 'password30', 'Germany'),
('Jacob', 'Thomas', 'jacob.thomas@example.com', 'password31', 'France'),
('Jackson', 'Taylor', 'jackson.taylor@example.com', 'password32', 'USA'),
('Grace', 'Moore', 'grace.moore@example.com', 'password33', 'Canada'),
('Madison', 'Jackson', 'madison.jackson@example.com', 'password34', 'UK'),
('Elijah', 'Lee', 'elijah.lee@example.com', 'password35', 'Australia'),
('Lily', 'Lopez', 'lily.lopez@example.com', 'password36', 'Germany'),
('Maverick', 'Gonzales', 'maverick.gonzales@example.com', 'password37', 'France'),
('Henry', 'Robinson', 'henry.robinson@example.com', 'password38', 'USA'),
('Scarlett', 'Evans', 'scarlett.evans@example.com', 'password39', 'Canada'),
('Daniel', 'Miller', 'daniel.miller@example.com', 'password40', 'UK'),
('Harper', 'King', 'harper.king@example.com', 'password41', 'Australia'),
('Madeline', 'Wilson', 'madeline.wilson@example.com', 'password42', 'Germany'),
('Caleb', 'Martinez', 'caleb.martinez@example.com', 'password43', 'France'),
('Chloe', 'Taylor', 'chloe.taylor@example.com', 'password44', 'USA'),
('Henry', 'Hughes', 'henry.hughes@example.com', 'password45', 'Canada'),
('Amos', 'Adams', 'amos.adams@example.com', 'password46', 'UK'),
('Lily', 'Roberts', 'lily.roberts@example.com', 'password47', 'Australia'),
('Avery', 'Scott', 'avery.scott@example.com', 'password48', 'Germany'),
('Mason', 'Perez', 'mason.perez@example.com', 'password49', 'France'),
('Ethan', 'Morris', 'ethan.morris@example.com', 'password50', 'USA');

-- Insert 10 instructors
INSERT INTO users_schema.instructors (fname, lname, email, password_, qualification) 
VALUES 
('Dr. Alan', 'Walker', 'alan.walker@example.com', 'instructor1', 'PhD in Computer Science'),
('Prof. Emily', 'Morris', 'emily.morris@example.com', 'instructor2', 'MSc in Mathematics'),
('Dr. Robert', 'Parker', 'robert.parker@example.com', 'instructor3', 'PhD in Physics'),
('Prof. Linda', 'Harris', 'linda.harris@example.com', 'instructor4', 'MSc in Engineering'),
('Dr. George', 'Green', 'george.green@example.com', 'instructor5', 'PhD in Chemistry'),
('Prof. Olivia', 'Moore', 'olivia.moore@example.com', 'instructor6', 'MSc in Business'),
('Dr. Chris', 'Taylor', 'chris.taylor@example.com', 'instructor7', 'PhD in Education'),
('Prof. Jane', 'Williams', 'jane.williams@example.com', 'instructor8', 'MSc in Social Science'),
('Dr. Brian', 'Johnson', 'brian.johnson@example.com', 'instructor9', 'PhD in Art History'),
('Prof. Samuel', 'Davis', 'samuel.davis@example.com', 'instructor10', 'MSc in Psychology');

-- Insert 3 admins
INSERT INTO users_schema.admins (fname, lname, email, password_, role) 
VALUES 
('Alice', 'Green', 'alice.green@example.com', 'admin1', 'superadmin'),
('Bob', 'Davis', 'bob.davis@example.com', 'admin2', 'supportadmin'),
('Charlie', 'Martinez', 'charlie.martinez@example.com', 'admin3', 'contentadmin');
----------------------------------------------------------------------------------------------
-- Insert 30 courses into 7 categories
INSERT INTO course_schema.course (c_name, c_description, category, instructor_id) 
VALUES 
('Introduction to Programming', 'Learn the basics of programming using Python.', 'Programming', 1),
('Advanced Data Structures', 'Study data structures in depth with real-world examples.', 'Programming', 2),
('Python for Data Science', 'Learn Python specifically for data science applications.', 'Programming', 1),
('Web Development with JavaScript', 'Master JavaScript and create dynamic websites.', 'Programming', 2),
('Basic Mathematics', 'A beginner-friendly math course for learners of all ages.', 'Mathematics', 3),
('Calculus for Engineers', 'An advanced calculus course for engineering students.', 'Mathematics', 4),
('Linear Algebra for Data Science', 'Learn the basics of linear algebra, a key component in data science.', 'Mathematics', 3),
('Mathematical Proofs and Logic', 'An introduction to mathematical logic and formal proofs.', 'Mathematics', 4),
('Probability and Statistics', 'Study fundamental concepts of probability and statistics for real-world applications.', 'Mathematics', 3),
('Introduction to Physics', 'Learn the fundamental principles of Physics.', 'Science', 5),
('Organic Chemistry', 'An in-depth look at organic chemistry concepts and reactions.', 'Science', 6),
('Environmental Science', 'Study the impact of human activity on the environment and sustainable practices.', 'Science', 5),
('Modern Biology', 'Learn about the molecular and cellular structure of life forms.', 'Science', 6),
('Astronomy 101', 'An introductory course on the study of the universe beyond Earth.', 'Science', 5),
('Business Management 101', 'A basic course on business management and administration.', 'Business', 7),
('Marketing Fundamentals', 'Understand the core principles of marketing and how to develop a strategy.', 'Business', 7),
('Financial Accounting', 'Learn how to manage financial records and understand financial statements.', 'Business', 7),
('Entrepreneurship and Innovation', 'Study the key aspects of launching and running a startup.', 'Business', 7),
('Corporate Strategy', 'Develop a deeper understanding of corporate strategy and decision-making.', 'Business', 7),
('Introduction to Philosophy', 'A beginner''s guide to philosophy and key philosophical thinkers.', 'Arts & Humanities', 3),
('Art History: Ancient to Modern', 'A comprehensive look at art history from the earliest cultures to the present.', 'Arts & Humanities', 4),
('Psychology 101', 'Introduction to psychological theories, principles, and their applications.', 'Arts & Humanities', 3),
('History of Western Civilization', 'Explore the development of Western civilization from antiquity to modern times.', 'Arts & Humanities', 4),
('Literature Analysis: Shakespeare and Beyond', 'Study the works of Shakespeare and other key literary figures.', 'Arts & Humanities', 3),
('Introduction to AI and Machine Learning', 'Learn the fundamentals of artificial intelligence and machine learning.', 'Technology', 1),
('Cybersecurity Fundamentals', 'Understand the principles of cybersecurity and how to protect systems from threats.', 'Technology', 2),
('Cloud Computing Basics', 'Explore cloud computing technologies and their applications in business and IT.', 'Technology', 1),
('Blockchain Technology', 'Learn the basics of blockchain and its applications in the real world.', 'Technology', 2),
('Data Analytics with Python', 'Learn how to analyze data and generate insights using Python.', 'Technology', 1),
('Nutrition Science', 'Understand the key principles of nutrition and how it impacts health.', 'Health & Wellness', 5),
('Mental Health and Wellbeing', 'Learn how to manage mental health and support emotional wellbeing.', 'Health & Wellness', 6),
('Personal Fitness Training', 'Develop fitness training programs and understand physical health.', 'Health & Wellness', 5),
('Introduction to Public Health', 'Study the basics of public health and its role in communities.', 'Health & Wellness', 6),
('Yoga and Meditation', 'Learn yoga techniques and meditation practices for stress reduction.', 'Health & Wellness', 5),
('Learning Theories and Practices', 'Explore key learning theories and their practical applications in education.', 'Education', 4),
('Digital Learning Tools', 'Learn how to use digital tools and resources for teaching and learning.', 'Education', 3),
('Classroom Management Techniques', 'Effective strategies for managing a classroom and supporting students.', 'Education', 4),
('Inclusive Education', 'Understand how to support learners with diverse needs in the classroom.', 'Education', 3),
('Educational Psychology', 'Study the psychology behind how people learn and how to apply it in educational settings.', 'Education', 4);
---------------------------------------------------------------
-- Insert course content for each course
INSERT INTO course_schema.course_content (content_type, content_url, course_id) 
VALUES 
('video', 'https://example.com/intro_to_programming_video', 1),
('pdf', 'https://example.com/advanced_data_structures_pdf', 2),
('quiz', 'https://example.com/python_for_data_science_quiz', 3),
('text', 'https://example.com/web_development_with_js_text', 4),
('video', 'https://example.com/basic_mathematics_video', 5),
('pdf', 'https://example.com/calculus_for_engineers_pdf', 6),
('quiz', 'https://example.com/linear_algebra_for_ds_quiz', 7),
('text', 'https://example.com/mathematical_proofs_logic_text', 8),
('pdf', 'https://example.com/probability_and_statistics_pdf', 9),
('video', 'https://example.com/intro_to_physics_video', 10),
('pdf', 'https://example.com/organic_chemistry_pdf', 11),
('quiz', 'https://example.com/environmental_science_quiz', 12),
('text', 'https://example.com/modern_biology_text', 13),
('pdf', 'https://example.com/astronomy_101_pdf', 14),
('video', 'https://example.com/business_management_101_video', 15),
('pdf', 'https://example.com/marketing_fundamentals_pdf', 16),
('quiz', 'https://example.com/financial_accounting_quiz', 17),
('text', 'https://example.com/entrepreneurship_innovation_text', 18),
('pdf', 'https://example.com/corporate_strategy_pdf', 19),
('video', 'https://example.com/intro_to_philosophy_video', 20),
('pdf', 'https://example.com/art_history_ancient_to_modern_pdf', 21),
('quiz', 'https://example.com/psychology_101_quiz', 22),
('text', 'https://example.com/history_of_western_civ_text', 23),
('pdf', 'https://example.com/literature_analysis_shakespeare_pdf', 24),
('video', 'https://example.com/intro_to_ai_video', 25),
('pdf', 'https://example.com/cybersecurity_fundamentals_pdf', 26),
('quiz', 'https://example.com/cloud_computing_basics_quiz', 27),
('text', 'https://example.com/blockchain_technology_text', 28),
('pdf', 'https://example.com/data_analytics_with_python_pdf', 29),
('video', 'https://example.com/nutrition_science_video', 30),
('pdf', 'https://example.com/mental_health_wellbeing_pdf', 31),
('quiz', 'https://example.com/personal_fitness_training_quiz', 32),
('text', 'https://example.com/intro_to_public_health_text', 33),
('pdf', 'https://example.com/yoga_and_meditation_pdf', 34),

('video', 'https://example.com/learning_theories_practices_video', 35),
('pdf', 'https://example.com/digital_learning_tools_pdf', 36),
('quiz', 'https://example.com/classroom_management_techniques_quiz', 37),
('text', 'https://example.com/inclusive_education_text', 38),
('pdf', 'https://example.com/educational_psychology_pdf', 39);
-------------------------------
-- Enroll learners in multiple courses with progress between 0 and 100
INSERT INTO enrollment_schema.enrollment (learner_id, course_id, progress) 
VALUES 
(1, 1, 12.34),  
(1, 5, 45.67),  
(1, 10, 78.90),  

(2, 2, 23.45),  
(2, 6, 56.78),  

(3, 3, 34.56),  
(3, 7, 89.12),  
(3, 11, 50.67),  
(3, 15, 72.45),  

(4, 4, 65.89),  
(4, 12, 43.21),  

(5, 5, 90.12),  
(5, 13, 25.43),  
(5, 19, 10.67),  

(6, 9, 76.56),  

(7, 10, 55.34),  
(7, 14, 40.21),  
(7, 20, 88.65),  

(8, 8, 12.45),  
(8, 21, 67.89),  

(9, 9, 89.34),  
(9, 13, 34.56),  
(9, 18, 65.43),  
(9, 24, 23.56),  

(10, 11, 45.67),  

(11, 6, 76.23),  
(11, 15, 88.34),  
(11, 25, 12.90),  

(12, 1, 34.12),  
(12, 22, 43.67),  

(13, 2, 54.89),  
(13, 26, 10.12),  

(14, 27, 23.45),  

(15, 12, 90.34),  
(15, 30, 78.23),  

(16, 28, 12.67),  

(17, 18, 65.12),  
(17, 23, 23.78),  
(17, 29, 45.67),  

(18, 31, 89.12),  

(19, 16, 54.23),  
(19, 21, 45.67),  
(19, 26, 12.89),  

(20, 3, 67.45),  
(20, 6, 23.56),  

(21, 5, 12.34),  

(22, 7, 89.12),  
(22, 17, 34.56),  

(23, 8, 56.23),  
(23, 10, 45.67),  
(23, 14, 65.78),  

(24, 12, 23.45),  
(24, 16, 54.67),  
(24, 21, 12.78),  
(24, 28, 45.23),  

(25, 20, 78.90),  

(26, 2, 10.12),  
(26, 30, 45.67),  

(27, 22, 56.78),  
(27, 25, 67.12),  

(28, 6, 78.45),  
(28, 13, 23.89),  
(28, 17, 65.12),  

(29, 27, 45.67),  

(30, 14, 12.34),  
(30, 17, 78.56),  
(30, 29, 34.67);
------------------------------------------------------
-- Insert quizzes for courses
INSERT INTO evaluation.quizze (course_id, title)
VALUES
(1, 'Introduction to Programming Quiz'),
(2, 'Advanced Data Structures Quiz'),
(3, 'Python for Data Science Quiz'),
(4, 'Web Development with JavaScript Quiz'),
(5, 'Basic Mathematics Quiz'),
(6, 'Calculus for Engineers Quiz'),
(7, 'Linear Algebra for Data Science Quiz'),
(8, 'Mathematical Proofs and Logic Quiz'),
(9, 'Probability and Statistics Quiz'),
(10, 'Introduction to Physics Quiz'),
(11, 'Organic Chemistry Quiz'),
(12, 'Environmental Science Quiz'),
(13, 'Modern Biology Quiz'),
(14, 'Astronomy 101 Quiz'),
(15, 'Business Management 101 Quiz'),
(16, 'Marketing Fundamentals Quiz'),
(17, 'Financial Accounting Quiz'),
(18, 'Entrepreneurship and Innovation Quiz'),
(19, 'Data Analytics with Python Quiz'),
(20, 'Philosophy 101 Quiz'),
(21, 'Art History: Ancient to Modern Quiz'),
(22, 'Psychology 101 Quiz'),
(23, 'History of Western Civilization Quiz'),
(24, 'Blockchain Technology Quiz'),
(25, 'Cloud Computing Basics Quiz'),
(26, 'Cybersecurity Fundamentals Quiz'),
(27, 'Yoga and Meditation Quiz'),
(28, 'Nutrition Science Quiz'),
(29, 'AI and Machine Learning Quiz'),
(30, 'Astronomy and Space Exploration Quiz');

-- Insert questions for each quiz
INSERT INTO evaluation.quizzequestions (quizze_id, correct_answer, question_text)
VALUES
(1, 'B', 'Which programming language is used in this course?'),
(1, 'C', 'Which of these is a valid data type in Python?'),
(2, 'A', 'Which of these is the best data structure for implementing a priority queue?'),
(2, 'D', 'Which of these sorting algorithms is the fastest in most scenarios?'),
(3, 'C', 'Which Python library is best for data analysis?'),
(3, 'A', 'What is the main purpose of the Pandas library in Python?'),
(4, 'D', 'Which of these is NOT a part of HTML?'),
(4, 'B', 'Which JavaScript method is used to add a new element to an array?'),
(5, 'B', 'What is the derivative of 2x?'),
(5, 'C', 'What is the integral of x²?'),
(6, 'A', 'Which of the following is true for Calculus?'),
(6, 'D', 'What is the value of the derivative of a constant function?'),
(7, 'C', 'Which matrix operation is used to solve systems of linear equations?'),
(7, 'A', 'What is the determinant of a 2x2 matrix?'),
(8, 'B', 'What is a proof by contradiction?'),
(8, 'C', 'Which of these is an example of a logical fallacy?'),
(9, 'D', 'Which of these is the correct formula for calculating variance?'),
(9, 'A', 'What is the main concept behind standard deviation?'),
(10, 'C', 'What is Newton’s second law of motion?'),
(10, 'B', 'What is the difference between velocity and speed?'),
(11, 'A', 'Which of the following is true about organic compounds?'),
(11, 'D', 'What is the structure of an alkene?'),
(12, 'C', 'What is the main cause of climate change?'),
(12, 'A', 'Which gas is a primary contributor to the greenhouse effect?'),
(13, 'D', 'What is the theory of evolution?'),
(13, 'B', 'Which of these is an example of a prokaryote?'),
(14, 'A', 'What is the distance between the Earth and the Sun?'),
(14, 'C', 'What is the main gas in the Sun?'),
(15, 'B', 'What is the most common form of business organization?'),
(15, 'D', 'What is the difference between a manager and a leader?'),
(16, 'A', 'What is the key element in a successful marketing strategy?'),
(16, 'C', 'What is market segmentation?'),
(17, 'B', 'What is the main objective of financial accounting?'),
(17, 'D', 'Which accounting method is most commonly used by small businesses?'),
(18, 'A', 'Which of these is a characteristic of an entrepreneur?'),
(18, 'C', 'What is the definition of market research?'),
(19, 'B', 'Which library is best for machine learning in Python?'),
(19, 'D', 'What is the difference between supervised and unsupervised learning?'),
(20, 'C', 'Who is considered the father of modern philosophy?'),
(20, 'B', 'What is the difference between rationalism and empiricism?'),
(21, 'A', 'Who painted the Mona Lisa?'),
(21, 'C', 'Which period follows the Baroque in art history?'),
(22, 'B', 'What is the definition of social psychology?'),
(22, 'D', 'Which of these is an example of cognitive dissonance?'),
(23, 'A', 'What event marked the beginning of the Renaissance?'),
(23, 'C', 'Who was the first Roman Emperor?'),
(24, 'B', 'What is blockchain technology used for?'),
(24, 'D', 'What is a smart contract?'),
(25, 'C', 'What is cloud computing?'),
(25, 'A', 'Which company is the largest cloud computing provider?'),
(26, 'D', 'Which of these is a common type of cyber attack?'),
(26, 'B', 'What is the definition of phishing?'),
(27, 'A', 'What is the practice of mindfulness?'),
(27, 'C', 'What are the benefits of yoga?'),
(28, 'B', 'What is the main focus of nutrition science?'),
(28, 'D', 'Which vitamin is best for maintaining bone health?'),
(29, 'A', 'What is the purpose of AI in healthcare?'),
(29, 'C', 'Which algorithm is used for supervised learning in AI?'),
(30, 'B', 'What is the Hubble Space Telescope used for?'),
(30, 'A', 'Which planet is closest to the Sun?');

-- Insert answers for learners
INSERT INTO evaluation.answers (learner_id, question_id, selected_answer, is_correct)
VALUES
(1, 1, 'B', 1),
(1, 2, 'C', 0),
(2, 3, 'A', 1),
(2, 4, 'D', 1),
(3, 5, 'C', 0),
(3, 6, 'A', 1),
(4, 7, 'D', 0),
(4, 8, 'B', 1),
(5, 9, 'B', 1),
(5, 10, 'C', 1),
(6, 11, 'A', 1),
(6, 12, 'D', 0),
(7, 13, 'C', 1),
(7, 14, 'A', 1),
(8, 15, 'B', 0),
(8, 16, 'C', 1),
(9, 17, 'D', 1),
(9, 18, 'A', 1),
(10, 19, 'C', 1),
(10, 20, 'B', 1),
(11, 21, 'A', 0),
(11, 22, 'D', 1),
(12, 23, 'C', 1),
(12, 24, 'A', 1),
(13, 25, 'D', 1),
(13, 26, 'B', 0),
(14, 27, 'A', 1),
(14, 28, 'C', 1),
(15, 29, 'B', 0),
(15, 30, 'D', 1),
(16, 31, 'A', 0),
(16, 32, 'C', 1);
-------------------------------------------------
-- Insert feedback for learners in courses
INSERT INTO feedback_schema.feedback (learner_id, course_id, comments, rating)
VALUES
(1, 1, 'Great introduction to programming.', 5),
(1, 5, 'The course content was very helpful.', 4),
(2, 2, 'Learned a lot about data structures.', 4),
(2, 6, 'The instructor was clear, but more examples would help.', 3),
(3, 3, 'Great Python course for beginners!', 5),
(3, 7, 'I struggled with some topics but overall a good course.', 3),
(4, 4, 'The course was too fast-paced for my understanding.', 2),
(4, 12, 'I really enjoyed the discussions on environmental science.', 4),
(5, 5, 'Mathematics can be tough, but this course was very clear.', 5),
(5, 13, 'Loved the hands-on experiments.', 4),
(6, 9, 'Interesting course, but could use more practice problems.', 3),
(6, 14, 'Astronomy has always fascinated me; this course was a good introduction.', 5),
(7, 10, 'Physics can be challenging, but this course made it easier to understand.', 4),
(7, 20, 'Philosophy was difficult for me, but I appreciated the course structure.', 3),
(8, 8, 'The course lacked depth in certain areas.', 2),
(8, 21, 'Art history is fascinating, but some topics felt rushed.', 4),
(9, 19, 'Excellent course on data analytics.', 5),
(9, 23, 'Very interesting course, though I wished for more case studies.', 4),
(10, 15, 'Very informative course on business management.', 4),
(10, 25, 'Cloud computing is very relevant, but the course could have covered more examples.', 3),
(11, 17, 'Accounting was dry, but the course made it accessible.', 4),
(11, 30, 'I learned a lot about machine learning.', 5),
(12, 18, 'The entrepreneurial aspect was exciting, though a little too basic.', 3),
(12, 26, 'Cybersecurity fundamentals were clear, but the pace was fast.', 4),
(13, 27, 'Yoga and meditation is a calming course, but some sections were too short.', 4),
(13, 28, 'Nutrition science was very informative.', 5),
(14, 29, 'AI course was excellent, but too advanced for me at times.', 4),
(14, 17, 'Financial accounting was straightforward.', 4),
(15, 6, 'The calculus course was tough but rewarding.', 4),
(15, 3, 'Python for Data Science was helpful but could be improved.', 3),
(16, 11, 'Chemistry was difficult, but I learned a lot.', 3),
(16, 4, 'Great overview of web development, though more practice exercises would help.', 4),
(17, 22, 'The psychology course was insightful.', 4),
(17, 5, 'Mathematics was challenging, but the course was great.', 5);

-- Insert certifications for learners
INSERT INTO certification_schema.certification (learner_id, course_id)
VALUES
(1, 1),
(1, 5),
(2, 2),
(2, 6),
(3, 3),
(3, 7),
(4, 4),
(4, 12),
(5, 5),
(5, 13),
(6, 9),
(6, 14),
(7, 10),
(7, 20),
(8, 8),
(8, 21),
(9, 19),
(9, 23),
(10, 15),
(10, 25),
(11, 17),
(11, 30),
(12, 18),
(12, 26),
(13, 27),
(13, 28),
(14, 29),
(14, 17),
(15, 6),
(15, 3),
(16, 11),
(16, 4),
(17, 22),
(17, 5);
--------------------------------------------------
-- Insert support requests for learners
INSERT INTO support_schema.support (admin_id, user_id, support_message, response, status)
VALUES
(1, 1, 'Having issues with accessing course materials.', 'Please try clearing your browser cache. If the issue persists, let us know.', 'resolved'),
(2, 2, 'Unable to submit assignment.', 'Please ensure your file is in the correct format and under the size limit.', 'resolved'),
(3, 3, 'Not able to track my course progress.', 'Your progress tracker might need to be refreshed. Please try again.', 'open'),
(1, 4, 'Course content is incomplete.', 'We are currently updating the content. Please check back in a few days.', 'open'),
(2, 5, 'The video quality is poor.', 'We are aware of the issue and are working on improving it.', 'resolved'),
(3, 6, 'Difficulty with quiz submission.', 'Please double-check your internet connection before submitting the quiz.', 'resolved'),
(1, 7, 'Need more practice materials for the course.', 'We are considering adding additional resources. Thanks for your feedback.', 'open'),
(2, 8, 'Not sure about the course prerequisites.', 'Please refer to the course syllabus for the prerequisites. Let us know if you need further assistance.', 'resolved'),
(3, 9, 'Having trouble with course certificate.', 'Your certificate should be available soon. Please wait for the system update.', 'open'),
(1, 10, 'Couldn’t find the course discussion forum.', 'The discussion forum is available under the "Discussions" tab. If you need further help, feel free to reach out.', 'resolved'),
(2, 11, 'There is no way to contact the instructor.', 'The instructor can be contacted through the "Contact Instructor" button under the course.', 'resolved'),
(3, 12, 'Unable to download materials.', 'Please try accessing the materials from a different browser. If it still doesn’t work, contact us again.', 'resolved'),
(1, 13, 'Having trouble with course assignment submission.', 'Ensure that your file is under the maximum size limit. Try re-uploading.', 'open'),
(2, 14, 'No response from support team.', 'We apologize for the delay. Your support ticket is our priority now.', 'resolved'),
(3, 15, 'Question about the course grading policy.', 'Please refer to the course FAQ section for grading policy details.', 'resolved');
